{
  "Ansi 4 Color" : {
    "Red Component" : 0.32390311360359192,
    "Color Space" : "sRGB",
    "Blue Component" : 0.69789993762969971,
    "Alpha Component" : 1,
    "Green Component" : 0.20338697731494904
  },
  "Tags" : [

  ],
  "Ansi 12 Color" : {
    "Red Component" : 0.48278617858886719,
    "Color Space" : "sRGB",
    "Blue Component" : 0.76372611522674561,
    "Alpha Component" : 1,
    "Green Component" : 0.39225655794143677
  },
  "Ansi 5 Color" : {
    "Red Component" : 0.90026551485061646,
    "Color Space" : "sRGB",
    "Blue Component" : 0.31784602999687195,
    "Alpha Component" : 1,
    "Green Component" : 0.62192791700363159
  },
  "Cursor Color" : {
    "Red Component" : 0.69999998807907104,
    "Color Space" : "sRGB",
    "Blue Component" : 0.69999998807907104,
    "Alpha Component" : 1,
    "Green Component" : 0.69999998807907104
  },
  "Bold Color" : {
    "Red Component" : 0.72209089994430542,
    "Color Space" : "sRGB",
    "Blue Component" : 0.994781494140625,
    "Alpha Component" : 1,
    "Green Component" : 0.45485019683837891
  },
  "Ansi 7 Color" : {
    "Red Component" : 0.60664618015289307,
    "Color Space" : "sRGB",
    "Blue Component" : 0.93364596366882324,
    "Alpha Component" : 1,
    "Green Component" : 0.51802802085876465
  },
  "Ansi 8 Color" : {
    "Red Component" : 0.27055808901786804,
    "Color Space" : "sRGB",
    "Blue Component" : 0.34796613454818726,
    "Alpha Component" : 1,
    "Green Component" : 0.25685542821884155
  },
  "Ansi 9 Color" : {
    "Red Component" : 0.88745564222335815,
    "Color Space" : "sRGB",
    "Blue Component" : 0.30662661790847778,
    "Alpha Component" : 1,
    "Green Component" : 0.31658834218978882
  },
  "Rows" : 69,
  "Default Bookmark" : "No",
  "Ansi 0 Color" : {
    "Red Component" : 0.16481414437294006,
    "Color Space" : "sRGB",
    "Blue Component" : 0.20559439063072205,
    "Alpha Component" : 1,
    "Green Component" : 0.15178018808364868
  },
  "Blend" : 0.050000000000000003,
  "Link Color" : {
    "Red Component" : 0,
    "Color Space" : "sRGB",
    "Blue Component" : 0.73422712087631226,
    "Alpha Component" : 1,
    "Green Component" : 0.35915297269821167
  },
  "Cursor Guide Color" : {
    "Red Component" : 0.11764705926179886,
    "Color Space" : "sRGB",
    "Blue Component" : 0.18431372940540314,
    "Alpha Component" : 0.16518402099609375,
    "Green Component" : 0.12549020349979401
  },
  "Non-ASCII Anti Aliased" : true,
  "Use Bright Bold" : true,
  "Ansi 10 Color" : {
    "Red Component" : 0.30575469136238098,
    "Color Space" : "sRGB",
    "Blue Component" : 0.87633383274078369,
    "Alpha Component" : 1,
    "Green Component" : 0.95604705810546875
  },
  "Prevent Opening in a Tab" : true,
  "Icon" : 1,
  "Ambiguous Double Width" : false,
  "Jobs to Ignore" : [
    "rlogin",
    "ssh",
    "slogin",
    "telnet"
  ],
  "Ansi 15 Color" : {
    "Red Component" : 0.93329107761383057,
    "Color Space" : "sRGB",
    "Blue Component" : 1,
    "Alpha Component" : 1,
    "Green Component" : 0.91992408037185669
  },
  "Foreground Color" : {
    "Red Component" : 0.73333334922790527,
    "Color Space" : "sRGB",
    "Blue Component" : 0.96470588445663452,
    "Alpha Component" : 1,
    "Green Component" : 0.7764706015586853
  },
  "Working Directory" : "\/Users\/pongstr",
  "Blinking Cursor" : true,
  "Disable Window Resizing" : true,
  "Sync Title" : false,
  "Prompt Before Closing 2" : false,
  "BM Growl" : true,
  "Command" : "\/bin\/zsh",
  "Description" : "Default",
  "Mouse Reporting" : false,
  "Screen" : -1,
  "Selection Color" : {
    "Red Component" : 0.27055808901786804,
    "Color Space" : "sRGB",
    "Blue Component" : 0.34796613454818726,
    "Alpha Component" : 1,
    "Green Component" : 0.25685542821884155
  },
  "Columns" : 110,
  "Idle Code" : 0,
  "Background Image Mode" : 1,
  "Ansi 13 Color" : {
    "Red Component" : 0.90026551485061646,
    "Color Space" : "sRGB",
    "Blue Component" : 0.31784602999687195,
    "Alpha Component" : 1,
    "Green Component" : 0.62192791700363159
  },
  "Title Components" : 34,
  "Custom Command" : "Yes",
  "ASCII Anti Aliased" : true,
  "Non Ascii Font" : "Monaco 12",
  "Vertical Spacing" : 1,
  "Use Bold Font" : true,
  "Option Key Sends" : 0,
  "Selected Text Color" : {
    "Red Component" : 0.76881951093673706,
    "Color Space" : "sRGB",
    "Blue Component" : 1,
    "Alpha Component" : 1,
    "Green Component" : 0.71034401655197144
  },
  "Background Color" : {
    "Red Component" : 0.10196078568696976,
    "Color Space" : "sRGB",
    "Blue Component" : 0.15294118225574493,
    "Alpha Component" : 1,
    "Green Component" : 0.10588235408067703
  },
  "Character Encoding" : 4,
  "Ansi 11 Color" : {
    "Red Component" : 0.88168102502822876,
    "Color Space" : "sRGB",
    "Blue Component" : 0.50585848093032837,
    "Alpha Component" : 1,
    "Green Component" : 0.76385921239852905
  },
  "Use Italic Font" : true,
  "Unlimited Scrollback" : false,
  "Keyboard Map" : {
    "0xf700-0x260000" : {
      "Text" : "[1;6A",
      "Action" : 10
    },
    "0x37-0x40000" : {
      "Text" : "0x1f",
      "Action" : 11
    },
    "0x32-0x40000" : {
      "Text" : "0x00",
      "Action" : 11
    },
    "0xf709-0x20000" : {
      "Text" : "[17;2~",
      "Action" : 10
    },
    "0xf70c-0x20000" : {
      "Text" : "[20;2~",
      "Action" : 10
    },
    "0xf729-0x20000" : {
      "Text" : "[1;2H",
      "Action" : 10
    },
    "0xf72b-0x40000" : {
      "Text" : "[1;5F",
      "Action" : 10
    },
    "0xf705-0x20000" : {
      "Text" : "[1;2Q",
      "Action" : 10
    },
    "0xf703-0x260000" : {
      "Text" : "[1;6C",
      "Action" : 10
    },
    "0xf700-0x220000" : {
      "Text" : "[1;2A",
      "Action" : 10
    },
    "0xf701-0x280000" : {
      "Text" : "0x1b 0x1b 0x5b 0x42",
      "Action" : 11
    },
    "0x38-0x40000" : {
      "Text" : "0x7f",
      "Action" : 11
    },
    "0x33-0x40000" : {
      "Text" : "0x1b",
      "Action" : 11
    },
    "0xf703-0x220000" : {
      "Text" : "[1;2C",
      "Action" : 10
    },
    "0xf701-0x240000" : {
      "Text" : "[1;5B",
      "Action" : 10
    },
    "0xf70d-0x20000" : {
      "Text" : "[21;2~",
      "Action" : 10
    },
    "0xf702-0x260000" : {
      "Text" : "[1;6D",
      "Action" : 10
    },
    "0xf729-0x40000" : {
      "Text" : "[1;5H",
      "Action" : 10
    },
    "0xf706-0x20000" : {
      "Text" : "[1;2R",
      "Action" : 10
    },
    "0x34-0x40000" : {
      "Text" : "0x1c",
      "Action" : 11
    },
    "0xf700-0x280000" : {
      "Text" : "0x1b 0x1b 0x5b 0x41",
      "Action" : 11
    },
    "0x2d-0x40000" : {
      "Text" : "0x1f",
      "Action" : 11
    },
    "0xf70e-0x20000" : {
      "Text" : "[23;2~",
      "Action" : 10
    },
    "0xf702-0x220000" : {
      "Text" : "[1;2D",
      "Action" : 10
    },
    "0xf703-0x280000" : {
      "Text" : "0x1b 0x1b 0x5b 0x43",
      "Action" : 11
    },
    "0xf700-0x240000" : {
      "Text" : "[1;5A",
      "Action" : 10
    },
    "0xf707-0x20000" : {
      "Text" : "[1;2S",
      "Action" : 10
    },
    "0xf70a-0x20000" : {
      "Text" : "[18;2~",
      "Action" : 10
    },
    "0x35-0x40000" : {
      "Text" : "0x1d",
      "Action" : 11
    },
    "0xf70f-0x20000" : {
      "Text" : "[24;2~",
      "Action" : 10
    },
    "0xf703-0x240000" : {
      "Text" : "[1;5C",
      "Action" : 10
    },
    "0xf701-0x260000" : {
      "Text" : "[1;6B",
      "Action" : 10
    },
    "0xf702-0x280000" : {
      "Text" : "0x1b 0x1b 0x5b 0x44",
      "Action" : 11
    },
    "0xf72b-0x20000" : {
      "Text" : "[1;2F",
      "Action" : 10
    },
    "0x36-0x40000" : {
      "Text" : "0x1e",
      "Action" : 11
    },
    "0xf708-0x20000" : {
      "Text" : "[15;2~",
      "Action" : 10
    },
    "0xf701-0x220000" : {
      "Text" : "[1;2B",
      "Action" : 10
    },
    "0xf70b-0x20000" : {
      "Text" : "[19;2~",
      "Action" : 10
    },